record_id,study_id,volume_ml,rpm,temperature_c,fluid,power_per_volume_w_m3,gross_surface_area_m2,area_per_volume_m_inv,density_kg_m3,kinematic_viscosity_m2_s,oxygen_diffusivity_m2_s,measured_kla_h_inv,predicted_kla_h_inv,held_out_kla_h_inv,included_in_calibration,coefficient,schmidt_exponent,source_url,source_location
nienow2013_water_13ml_300rpm,nienow_2013,13.0,300,37,water,3.86,0.00042,32.307692307692314,993.3603463994883,6.950122825672738e-07,2.816092876030763e-09,2.6,2.6959504009644504,2.821830331916784,True,0.12651214573570604,0.6666666666666666,https://repository.lboro.ac.uk/articles/journal_contribution/The_physical_characterisation_of_a_microscale_parallel_bioreactor_platform_with_an_industrial_CHO_cell_line_expressing_an_IgG4/9244370,"Author manuscript Table 2, QG=0 column; Figure 1 geometry"
nienow2013_water_13ml_700rpm,nienow_2013,13.0,700,37,water,48.3,0.00042,32.307692307692314,993.3603463994883,6.950122825672738e-07,2.816092876030763e-09,4.62,5.070512462482807,5.307265986747181,True,0.12651214573570604,0.6666666666666666,https://repository.lboro.ac.uk/articles/journal_contribution/The_physical_characterisation_of_a_microscale_parallel_bioreactor_platform_with_an_industrial_CHO_cell_line_expressing_an_IgG4/9244370,"Author manuscript Table 2, QG=0 column; Figure 1 geometry"
nienow2013_water_13ml_1000rpm,nienow_2013,13.0,1000,37,water,145.0,0.00042,32.307692307692314,993.3603463994883,6.950122825672738e-07,2.816092876030763e-09,6.07,6.674320726904522,6.985959632411061,True,0.12651214573570604,0.6666666666666666,https://repository.lboro.ac.uk/articles/journal_contribution/The_physical_characterisation_of_a_microscale_parallel_bioreactor_platform_with_an_industrial_CHO_cell_line_expressing_an_IgG4/9244370,"Author manuscript Table 2, QG=0 column; Figure 1 geometry"
nienow2013_water_13ml_1200rpm,nienow_2013,13.0,1200,37,water,246.0,0.00042,32.307692307692314,993.3603463994883,6.950122825672738e-07,2.816092876030763e-09,6.72,7.617261209199771,7.972928106749868,True,0.12651214573570604,0.6666666666666666,https://repository.lboro.ac.uk/articles/journal_contribution/The_physical_characterisation_of_a_microscale_parallel_bioreactor_platform_with_an_industrial_CHO_cell_line_expressing_an_IgG4/9244370,"Author manuscript Table 2, QG=0 column; Figure 1 geometry"
nienow2013_water_13ml_1500rpm,nienow_2013,13.0,1500,37,water,483.0,0.00042,32.307692307692314,993.3603463994883,6.950122825672738e-07,2.816092876030763e-09,7.51,9.016787910378932,9.437801827832418,True,0.12651214573570604,0.6666666666666666,https://repository.lboro.ac.uk/articles/journal_contribution/The_physical_characterisation_of_a_microscale_parallel_bioreactor_platform_with_an_industrial_CHO_cell_line_expressing_an_IgG4/9244370,"Author manuscript Table 2, QG=0 column; Figure 1 geometry"
nienow2013_water_15ml_300rpm,nienow_2013,14.999999999999998,300,37,water,3.35,0.00042,28.000000000000004,993.3603463994883,6.950122825672738e-07,2.816092876030763e-09,2.05,2.25516522901728,2.36046391819689,True,0.12651214573570604,0.6666666666666666,https://repository.lboro.ac.uk/articles/journal_contribution/The_physical_characterisation_of_a_microscale_parallel_bioreactor_platform_with_an_industrial_CHO_cell_line_expressing_an_IgG4/9244370,"Author manuscript Table 2, QG=0 column; Figure 1 geometry"
nienow2013_water_15ml_700rpm,nienow_2013,14.999999999999998,700,37,water,41.9,0.00042,28.000000000000004,993.3603463994883,6.950122825672738e-07,2.816092876030763e-09,3.75,4.241023420317772,4.439046253054551,True,0.12651214573570604,0.6666666666666666,https://repository.lboro.ac.uk/articles/journal_contribution/The_physical_characterisation_of_a_microscale_parallel_bioreactor_platform_with_an_industrial_CHO_cell_line_expressing_an_IgG4/9244370,"Author manuscript Table 2, QG=0 column; Figure 1 geometry"
nienow2013_water_15ml_1000rpm,nienow_2013,14.999999999999998,1000,37,water,126.0,0.00042,28.000000000000004,993.3603463994883,6.950122825672738e-07,2.816092876030763e-09,4.61,5.584827986432269,5.845596048434174,True,0.12651214573570604,0.6666666666666666,https://repository.lboro.ac.uk/articles/journal_contribution/The_physical_characterisation_of_a_microscale_parallel_bioreactor_platform_with_an_industrial_CHO_cell_line_expressing_an_IgG4/9244370,"Author manuscript Table 2, QG=0 column; Figure 1 geometry"
nienow2013_water_15ml_1200rpm,nienow_2013,14.999999999999998,1200,37,water,214.0,0.00042,28.000000000000004,993.3603463994883,6.950122825672738e-07,2.816092876030763e-09,5.18,6.375593341296831,6.673283999587689,True,0.12651214573570604,0.6666666666666666,https://repository.lboro.ac.uk/articles/journal_contribution/The_physical_characterisation_of_a_microscale_parallel_bioreactor_platform_with_an_industrial_CHO_cell_line_expressing_an_IgG4/9244370,"Author manuscript Table 2, QG=0 column; Figure 1 geometry"
nienow2013_water_15ml_1500rpm,nienow_2013,14.999999999999998,1500,37,water,419.0,0.00042,28.000000000000004,993.3603463994883,6.950122825672738e-07,2.816092876030763e-09,6.06,7.541724625843941,7.893864552017335,True,0.12651214573570604,0.6666666666666666,https://repository.lboro.ac.uk/articles/journal_contribution/The_physical_characterisation_of_a_microscale_parallel_bioreactor_platform_with_an_industrial_CHO_cell_line_expressing_an_IgG4/9244370,"Author manuscript Table 2, QG=0 column; Figure 1 geometry"
