bag,temperature_c,rpm,angle_deg,fill_l,quasi_static_power_density_w_m3,quasi_static_power_w,quasi_static_power_status
cellbag10,37.0,17.0,4.0,3.0,8.397657172606351,0.025192971517819053,uncalibrated
cellbag10,37.0,17.0,4.0,4.0,6.298242879454764,0.025192971517819056,uncalibrated
cellbag10,37.0,17.0,4.0,5.0,5.03859430356381,0.025192971517819053,uncalibrated
cellbag10,37.0,17.0,6.0,3.0,18.971912675395576,0.05691573802618673,uncalibrated
cellbag10,37.0,17.0,6.0,4.0,14.228934506546683,0.056915738026186734,uncalibrated
cellbag10,37.0,17.0,6.0,5.0,11.383147605237346,0.05691573802618673,uncalibrated
cellbag10,37.0,17.0,7.0,3.0,25.863428845801746,0.07759028653740524,uncalibrated
cellbag10,37.0,17.0,7.0,4.0,19.41866948987205,0.07767467795948821,uncalibrated
cellbag10,37.0,17.0,7.0,5.0,15.53493559189764,0.0776746779594882,uncalibrated
cellbag10,37.0,17.0,8.0,3.0,33.67085121024251,0.10101255363072753,uncalibrated
cellbag10,37.0,17.0,8.0,4.0,25.441165564109266,0.10176466225643707,uncalibrated
cellbag10,37.0,17.0,8.0,5.0,20.352932451287412,0.10176466225643706,uncalibrated
cellbag10,37.0,17.0,10.0,3.0,51.48509616383479,0.15445528849150436,uncalibrated
cellbag10,37.0,17.0,10.0,4.0,39.89921984206443,0.15959687936825773,uncalibrated
cellbag10,37.0,17.0,10.0,5.0,32.03756321799891,0.16018781608999455,uncalibrated
cellbag10,37.0,20.0,4.0,3.0,9.87959667365453,0.029638790020963594,uncalibrated
cellbag10,37.0,20.0,4.0,4.0,7.409697505240899,0.029638790020963597,uncalibrated
cellbag10,37.0,20.0,4.0,5.0,5.927758004192719,0.029638790020963594,uncalibrated
cellbag10,37.0,20.0,6.0,3.0,22.319897265171267,0.06695969179551381,uncalibrated
cellbag10,37.0,20.0,6.0,4.0,16.73992294887845,0.06695969179551381,uncalibrated
cellbag10,37.0,20.0,6.0,5.0,13.391938359102761,0.06695969179551381,uncalibrated
cellbag10,37.0,20.0,7.0,3.0,30.427563348002053,0.09128269004400616,uncalibrated
cellbag10,37.0,20.0,7.0,4.0,22.845493517496532,0.09138197406998613,uncalibrated
cellbag10,37.0,20.0,7.0,5.0,18.27639481399722,0.0913819740699861,uncalibrated
cellbag10,37.0,20.0,8.0,3.0,39.612766129697064,0.1188382983890912,uncalibrated
cellbag10,37.0,20.0,8.0,4.0,29.930783016599136,0.11972313206639655,uncalibrated
cellbag10,37.0,20.0,8.0,5.0,23.94462641327931,0.11972313206639655,uncalibrated
cellbag10,37.0,20.0,10.0,3.0,60.5707013692174,0.1817121041076522,uncalibrated
cellbag10,37.0,20.0,10.0,4.0,46.94025863772286,0.18776103455089146,uncalibrated
cellbag10,37.0,20.0,10.0,5.0,37.69125084470459,0.18845625422352297,uncalibrated
cellbag10,37.0,24.0,4.0,3.0,11.855516008385438,0.03556654802515631,uncalibrated
cellbag10,37.0,24.0,4.0,4.0,8.89163700628908,0.035566548025156325,uncalibrated
cellbag10,37.0,24.0,4.0,5.0,7.1133096050312625,0.03556654802515631,uncalibrated
cellbag10,37.0,24.0,6.0,3.0,26.783876718205523,0.08035163015461658,uncalibrated
cellbag10,37.0,24.0,6.0,4.0,20.087907538654143,0.08035163015461658,uncalibrated
cellbag10,37.0,24.0,6.0,5.0,16.070326030923315,0.08035163015461658,uncalibrated
cellbag10,37.0,24.0,7.0,3.0,36.513076017602465,0.1095392280528074,uncalibrated
cellbag10,37.0,24.0,7.0,4.0,27.414592220995843,0.10965836888398338,uncalibrated
cellbag10,37.0,24.0,7.0,5.0,21.93167377679667,0.10965836888398336,uncalibrated
cellbag10,37.0,24.0,8.0,3.0,47.53531935563648,0.14260595806690946,uncalibrated
cellbag10,37.0,24.0,8.0,4.0,35.91693961991896,0.14366775847967586,uncalibrated
cellbag10,37.0,24.0,8.0,5.0,28.733551695935173,0.14366775847967586,uncalibrated
cellbag10,37.0,24.0,10.0,3.0,72.68484164306089,0.21805452492918267,uncalibrated
cellbag10,37.0,24.0,10.0,4.0,56.32831036526744,0.22531324146106976,uncalibrated
cellbag10,37.0,24.0,10.0,5.0,45.22950101364551,0.22614750506822756,uncalibrated
cellbag10,37.0,28.0,4.0,3.0,13.831435343116343,0.04149430602934903,uncalibrated
cellbag10,37.0,28.0,4.0,4.0,10.373576507337258,0.04149430602934903,uncalibrated
cellbag10,37.0,28.0,4.0,5.0,8.298861205869807,0.04149430602934904,uncalibrated
cellbag10,37.0,28.0,6.0,3.0,31.24785617123977,0.09374356851371932,uncalibrated
cellbag10,37.0,28.0,6.0,4.0,23.43589212842983,0.09374356851371933,uncalibrated
cellbag10,37.0,28.0,6.0,5.0,18.748713702743867,0.09374356851371934,uncalibrated
cellbag10,37.0,28.0,7.0,3.0,42.59858868720288,0.12779576606160864,uncalibrated
cellbag10,37.0,28.0,7.0,4.0,31.98369092449515,0.1279347636979806,uncalibrated
cellbag10,37.0,28.0,7.0,5.0,25.586952739596114,0.12793476369798057,uncalibrated
cellbag10,37.0,28.0,8.0,3.0,55.45787258157589,0.16637361774472767,uncalibrated
cellbag10,37.0,28.0,8.0,4.0,41.90309622323879,0.16761238489295516,uncalibrated
cellbag10,37.0,28.0,8.0,5.0,33.52247697859103,0.16761238489295516,uncalibrated
cellbag10,37.0,28.0,10.0,3.0,84.79898191690437,0.2543969457507131,uncalibrated
cellbag10,37.0,28.0,10.0,4.0,65.716362092812,0.26286544837124803,uncalibrated
cellbag10,37.0,28.0,10.0,5.0,52.76775118258643,0.26383875591293215,uncalibrated
cellbag10,37.0,31.0,4.0,3.0,15.313374844164525,0.045940124532493576,uncalibrated
cellbag10,37.0,31.0,4.0,4.0,11.485031133123394,0.045940124532493576,uncalibrated
cellbag10,37.0,31.0,4.0,5.0,9.188024906498715,0.045940124532493576,uncalibrated
cellbag10,37.0,31.0,6.0,3.0,34.59584076101547,0.1037875222830464,uncalibrated
cellbag10,37.0,31.0,6.0,4.0,25.9468805707616,0.1037875222830464,uncalibrated
cellbag10,37.0,31.0,6.0,5.0,20.757504456609283,0.10378752228304641,uncalibrated
cellbag10,37.0,31.0,7.0,3.0,47.162723189403195,0.1414881695682096,uncalibrated
cellbag10,37.0,31.0,7.0,4.0,35.410514952119634,0.14164205980847855,uncalibrated
cellbag10,37.0,31.0,7.0,5.0,28.3284119616957,0.1416420598084785,uncalibrated
cellbag10,37.0,31.0,8.0,3.0,61.39978750103046,0.18419936250309138,uncalibrated
cellbag10,37.0,31.0,8.0,4.0,46.39271367572867,0.18557085470291468,uncalibrated
cellbag10,37.0,31.0,8.0,5.0,37.11417094058293,0.18557085470291465,uncalibrated
cellbag10,37.0,31.0,10.0,3.0,93.88458712228699,0.281653761366861,uncalibrated
cellbag10,37.0,31.0,10.0,4.0,72.75740088847044,0.2910296035538818,uncalibrated
cellbag10,37.0,31.0,10.0,5.0,58.42143880929213,0.2921071940464606,uncalibrated
