record_id,study_id,volume_ml,rpm,temperature_c,fluid,power_per_volume_w_m3,gross_surface_area_m2,area_per_volume_m_inv,density_kg_m3,kinematic_viscosity_m2_s,oxygen_diffusivity_m2_s,measured_kla_h_inv,predicted_kla_h_inv,included_in_calibration,coefficient,schmidt_exponent,source_url,source_location
SF-019,scargiali_2013,5387.046002743098,100,16,distilled water,1.280353128055894,0.028352873698647883,5.2631578947368425,998.972069843793,1.1081501331235127e-06,1.6373658769923158e-09,0.172452908773862,0.19090016295358705,True,0.12651214573570604,0.6666666666666666,https://www.aidic.it/cet/13/32/248.pdf,"Figure 5, p1488; operating sequence Figure 4, p1486"
SF-020,scargiali_2013,5387.046002743098,200,16,distilled water,7.296698258497601,0.028352873698647883,5.2631578947368425,998.972069843793,1.1081501331235127e-06,1.6373658769923158e-09,0.2974952702053596,0.29495479053293794,True,0.12651214573570604,0.6666666666666666,https://www.aidic.it/cet/13/32/248.pdf,"Figure 5, p1488; operating sequence Figure 4, p1486"
schlaich2023_fig5_up_60rpm,schlaich_2023,40000.0,60,36.5,reverse-osmosis deionized water,13.391999999999998,0.25517586328783093,6.379396582195773,993.5390924151036,7.01789060586019e-07,2.7839024809958557e-09,0.8995037220843671,0.7180357073135275,True,0.12651214573570604,0.6666666666666666,https://doi.org/10.1002/btpr.3330,"Figure 5, p. 7 (measured open circles); Section 6, p. 10 (power anchors)"
schlaich2023_fig5_up_70rpm,schlaich_2023,40000.0,70,36.5,reverse-osmosis deionized water,21.265999999999995,0.25517586328783093,6.379396582195773,993.5390924151036,7.01789060586019e-07,2.7839024809958557e-09,1.0825062034739454,0.8060391457993664,True,0.12651214573570604,0.6666666666666666,https://doi.org/10.1002/btpr.3330,"Figure 5, p. 7 (measured open circles); Section 6, p. 10 (power anchors)"
schlaich2023_fig5_up_80rpm,schlaich_2023,40000.0,80,36.5,reverse-osmosis deionized water,31.744000000000007,0.25517586328783093,6.379396582195773,993.5390924151036,7.01789060586019e-07,2.7839024809958557e-09,1.1600496277915633,0.8909433576463753,True,0.12651214573570604,0.6666666666666666,https://doi.org/10.1002/btpr.3330,"Figure 5, p. 7 (measured open circles); Section 6, p. 10 (power anchors)"
schlaich2023_fig5_up_90rpm,schlaich_2023,40000.0,90,36.5,reverse-osmosis deionized water,45.19800000000001,0.25517586328783093,6.379396582195773,993.5390924151036,7.01789060586019e-07,2.7839024809958557e-09,1.3306451612903225,0.973227755687873,True,0.12651214573570604,0.6666666666666666,https://doi.org/10.1002/btpr.3330,"Figure 5, p. 7 (measured open circles); Section 6, p. 10 (power anchors)"
wyrobnik2025_1l_n50_hs100,wyrobnik2025_bach_1l,1000.0,50,37,PBS,0.30785156310953654,0.009503317777109124,9.503317777109125,993.3603463994883,6.950122825672738e-07,2.816092876030763e-09,0.30821990588397863,0.42142444752982333,True,0.12651214573570604,0.6666666666666666,https://discovery.ucl.ac.uk/id/eprint/10217079/1/Scalable%2C%20High-Density%20Expansion%20of%20Human%20Mesenchymal%20Stem%20Cells%20on%20Microcarriers%20Using%20the%20Bach%20Impeller%20in%20Stirred-Tank%20Re.pdf,Figure 3A
wyrobnik2025_1l_n50_hs500,wyrobnik2025_bach_1l,1000.0,50,37,PBS,0.30785156310953654,0.009503317777109124,9.503317777109125,993.3603463994883,6.950122825672738e-07,2.816092876030763e-09,0.33159403939527593,0.42142444752982333,True,0.12651214573570604,0.6666666666666666,https://discovery.ucl.ac.uk/id/eprint/10217079/1/Scalable%2C%20High-Density%20Expansion%20of%20Human%20Mesenchymal%20Stem%20Cells%20on%20Microcarriers%20Using%20the%20Bach%20Impeller%20in%20Stirred-Tank%20Re.pdf,Figure 3A
wyrobnik2025_1l_n150_hs300,wyrobnik2025_bach_1l,1000.0,150,37,PBS,7.174157041143241,0.009503317777109124,9.503317777109125,993.3603463994883,6.950122825672738e-07,2.816092876030763e-09,0.9454382532807933,0.9259277608285889,True,0.12651214573570604,0.6666666666666666,https://discovery.ucl.ac.uk/id/eprint/10217079/1/Scalable%2C%20High-Density%20Expansion%20of%20Human%20Mesenchymal%20Stem%20Cells%20on%20Microcarriers%20Using%20the%20Bach%20Impeller%20in%20Stirred-Tank%20Re.pdf,Figure 3A
wyrobnik2025_1l_n150_hs500,wyrobnik2025_bach_1l,1000.0,150,37,PBS,7.174157041143241,0.009503317777109124,9.503317777109125,993.3603463994883,6.950122825672738e-07,2.816092876030763e-09,0.89500125945009,0.9259277608285889,True,0.12651214573570604,0.6666666666666666,https://discovery.ucl.ac.uk/id/eprint/10217079/1/Scalable%2C%20High-Density%20Expansion%20of%20Human%20Mesenchymal%20Stem%20Cells%20on%20Microcarriers%20Using%20the%20Bach%20Impeller%20in%20Stirred-Tank%20Re.pdf,Figure 3A
wyrobnik2025_1l_n200_hs100,wyrobnik2025_bach_1l,1000.0,200,37,PBS,16.362335682047764,0.009503317777109124,9.503317777109125,993.3603463994883,6.950122825672738e-07,2.816092876030763e-09,1.1076849092224188,1.137878024049258,True,0.12651214573570604,0.6666666666666666,https://discovery.ucl.ac.uk/id/eprint/10217079/1/Scalable%2C%20High-Density%20Expansion%20of%20Human%20Mesenchymal%20Stem%20Cells%20on%20Microcarriers%20Using%20the%20Bach%20Impeller%20in%20Stirred-Tank%20Re.pdf,Figure 3A
wyrobnik2025_1l_n250_hs100,wyrobnik2025_bach_1l,1000.0,250,37,PBS,31.016257636512094,0.009503317777109124,9.503317777109125,993.3603463994883,6.950122825672738e-07,2.816092876030763e-09,1.2977747133261717,1.3351551468719163,True,0.12651214573570604,0.6666666666666666,https://discovery.ucl.ac.uk/id/eprint/10217079/1/Scalable%2C%20High-Density%20Expansion%20of%20Human%20Mesenchymal%20Stem%20Cells%20on%20Microcarriers%20Using%20the%20Bach%20Impeller%20in%20Stirred-Tank%20Re.pdf,Figure 3A
wyrobnik2025_1l_n250_hs300,wyrobnik2025_bach_1l,1000.0,250,37,PBS,31.016257636512094,0.009503317777109124,9.503317777109125,993.3603463994883,6.950122825672738e-07,2.816092876030763e-09,1.329784658967827,1.3351551468719163,True,0.12651214573570604,0.6666666666666666,https://discovery.ucl.ac.uk/id/eprint/10217079/1/Scalable%2C%20High-Density%20Expansion%20of%20Human%20Mesenchymal%20Stem%20Cells%20on%20Microcarriers%20Using%20the%20Bach%20Impeller%20in%20Stirred-Tank%20Re.pdf,Figure 3A
wyrobnik2025_1l_n250_hs500,wyrobnik2025_bach_1l,1000.0,250,37,PBS,31.016257636512094,0.009503317777109124,9.503317777109125,993.3603463994883,6.950122825672738e-07,2.816092876030763e-09,1.2062943010962295,1.3351551468719163,True,0.12651214573570604,0.6666666666666666,https://discovery.ucl.ac.uk/id/eprint/10217079/1/Scalable%2C%20High-Density%20Expansion%20of%20Human%20Mesenchymal%20Stem%20Cells%20on%20Microcarriers%20Using%20the%20Bach%20Impeller%20in%20Stirred-Tank%20Re.pdf,Figure 3A
nienow2013_water_13ml_300rpm,nienow_2013,13.0,300,37,water,3.86,0.00042,32.307692307692314,993.3603463994883,6.950122825672738e-07,2.816092876030763e-09,2.6,2.6959504009644504,True,0.12651214573570604,0.6666666666666666,https://repository.lboro.ac.uk/articles/journal_contribution/The_physical_characterisation_of_a_microscale_parallel_bioreactor_platform_with_an_industrial_CHO_cell_line_expressing_an_IgG4/9244370,"Author manuscript Table 2, QG=0 column; Figure 1 geometry"
nienow2013_water_13ml_700rpm,nienow_2013,13.0,700,37,water,48.3,0.00042,32.307692307692314,993.3603463994883,6.950122825672738e-07,2.816092876030763e-09,4.62,5.070512462482807,True,0.12651214573570604,0.6666666666666666,https://repository.lboro.ac.uk/articles/journal_contribution/The_physical_characterisation_of_a_microscale_parallel_bioreactor_platform_with_an_industrial_CHO_cell_line_expressing_an_IgG4/9244370,"Author manuscript Table 2, QG=0 column; Figure 1 geometry"
nienow2013_water_13ml_1000rpm,nienow_2013,13.0,1000,37,water,145.0,0.00042,32.307692307692314,993.3603463994883,6.950122825672738e-07,2.816092876030763e-09,6.07,6.674320726904522,True,0.12651214573570604,0.6666666666666666,https://repository.lboro.ac.uk/articles/journal_contribution/The_physical_characterisation_of_a_microscale_parallel_bioreactor_platform_with_an_industrial_CHO_cell_line_expressing_an_IgG4/9244370,"Author manuscript Table 2, QG=0 column; Figure 1 geometry"
nienow2013_water_13ml_1200rpm,nienow_2013,13.0,1200,37,water,246.0,0.00042,32.307692307692314,993.3603463994883,6.950122825672738e-07,2.816092876030763e-09,6.72,7.617261209199771,True,0.12651214573570604,0.6666666666666666,https://repository.lboro.ac.uk/articles/journal_contribution/The_physical_characterisation_of_a_microscale_parallel_bioreactor_platform_with_an_industrial_CHO_cell_line_expressing_an_IgG4/9244370,"Author manuscript Table 2, QG=0 column; Figure 1 geometry"
nienow2013_water_13ml_1500rpm,nienow_2013,13.0,1500,37,water,483.0,0.00042,32.307692307692314,993.3603463994883,6.950122825672738e-07,2.816092876030763e-09,7.51,9.016787910378932,True,0.12651214573570604,0.6666666666666666,https://repository.lboro.ac.uk/articles/journal_contribution/The_physical_characterisation_of_a_microscale_parallel_bioreactor_platform_with_an_industrial_CHO_cell_line_expressing_an_IgG4/9244370,"Author manuscript Table 2, QG=0 column; Figure 1 geometry"
nienow2013_water_15ml_300rpm,nienow_2013,14.999999999999998,300,37,water,3.35,0.00042,28.000000000000004,993.3603463994883,6.950122825672738e-07,2.816092876030763e-09,2.05,2.25516522901728,True,0.12651214573570604,0.6666666666666666,https://repository.lboro.ac.uk/articles/journal_contribution/The_physical_characterisation_of_a_microscale_parallel_bioreactor_platform_with_an_industrial_CHO_cell_line_expressing_an_IgG4/9244370,"Author manuscript Table 2, QG=0 column; Figure 1 geometry"
nienow2013_water_15ml_700rpm,nienow_2013,14.999999999999998,700,37,water,41.9,0.00042,28.000000000000004,993.3603463994883,6.950122825672738e-07,2.816092876030763e-09,3.75,4.241023420317772,True,0.12651214573570604,0.6666666666666666,https://repository.lboro.ac.uk/articles/journal_contribution/The_physical_characterisation_of_a_microscale_parallel_bioreactor_platform_with_an_industrial_CHO_cell_line_expressing_an_IgG4/9244370,"Author manuscript Table 2, QG=0 column; Figure 1 geometry"
nienow2013_water_15ml_1000rpm,nienow_2013,14.999999999999998,1000,37,water,126.0,0.00042,28.000000000000004,993.3603463994883,6.950122825672738e-07,2.816092876030763e-09,4.61,5.584827986432269,True,0.12651214573570604,0.6666666666666666,https://repository.lboro.ac.uk/articles/journal_contribution/The_physical_characterisation_of_a_microscale_parallel_bioreactor_platform_with_an_industrial_CHO_cell_line_expressing_an_IgG4/9244370,"Author manuscript Table 2, QG=0 column; Figure 1 geometry"
nienow2013_water_15ml_1200rpm,nienow_2013,14.999999999999998,1200,37,water,214.0,0.00042,28.000000000000004,993.3603463994883,6.950122825672738e-07,2.816092876030763e-09,5.18,6.375593341296831,True,0.12651214573570604,0.6666666666666666,https://repository.lboro.ac.uk/articles/journal_contribution/The_physical_characterisation_of_a_microscale_parallel_bioreactor_platform_with_an_industrial_CHO_cell_line_expressing_an_IgG4/9244370,"Author manuscript Table 2, QG=0 column; Figure 1 geometry"
nienow2013_water_15ml_1500rpm,nienow_2013,14.999999999999998,1500,37,water,419.0,0.00042,28.000000000000004,993.3603463994883,6.950122825672738e-07,2.816092876030763e-09,6.06,7.541724625843941,True,0.12651214573570604,0.6666666666666666,https://repository.lboro.ac.uk/articles/journal_contribution/The_physical_characterisation_of_a_microscale_parallel_bioreactor_platform_with_an_industrial_CHO_cell_line_expressing_an_IgG4/9244370,"Author manuscript Table 2, QG=0 column; Figure 1 geometry"
